funciones,metodo_2
x,0.2174
x^2,0.90174016
e^{5x},3.9749016274947486
sin(x),0.582580479906416
