funciones,metodo_1
x,0.1061
x^2,0.038025
e^{5x},2.882044678328444
sin(x),0.5074302918385926
