funciones,metodo_3
x,0.1788
x^2,0.58461316
e^{5x},2.9966649890869297
sin(x),0.1042104544617453
