funciones,metodo_4
x,0.9587
x^2,0.26594649000000004
e^{5x},84.90219950585188
sin(x),0.3763004552356356
